step	fbeta
1	0.630841121495327
1	0.630841121495327
1	0.630841121495327
1	0.630841121495327
