{
    "step": 0,
    "precision": 0.7165605095541401,
    "recall": 0.5634390651085142,
    "fbeta": 0.630841121495327
}
